Municipality,Baker,Coakley,Falchuk,Lively,McCormick,YesQ1,NoQ1,NoQ2,YesQ2,NoQ3,YesQ3,YesQ4,NoQ4,Markey,Herr,Healey,Miller,Goldberg,Heffernan,Jackson
Abington,3458,2104,202,49,45,2944,1577,3921,630,3270,1271,2500,2010,2991,2668,3110,2522,2609,2752,205
Acton,3776,4533,242,39,59,4060,4401,5048,3580,3993,4593,5503,3046,5700,2774,5635,2751,4811,3051,335
Acushnet,1494,1375,71,89,46,1477,1374,2497,563,2181,887,1791,1259,1814,1179,1687,1256,1554,1222,112
Adams,600,1506,48,27,33,986,1139,1102,1084,1450,705,1473,682,1664,493,1635,519,1507,526,96
Agawam,5778,3148,837,206,123,5480,4457,8682,1511,6163,4046,5463,4620,4933,4722,4800,4809,4292,4717,378
Alford,55,148,1,1,1,69,124,62,141,65,137,116,58,155,46,156,48,139,43,13
Amesbury,3015,2530,226,42,52,3253,2476,4712,1147,3766,2047,3248,2539,3328,2407,3367,2328,2817,2490,247
Amherst,1266,6054,302,63,41,2203,5245,2387,5367,2765,4927,6299,1318,6771,847,6614,953,5764,925,696
Andover,7856,4863,270,61,57,7512,5316,10000,3047,6339,6678,6316,6614,6605,6172,6601,6092,5711,6406,356
Aquinnah,40,147,6,3,3,90,93,106,90,68,127,120,52,171,22,166,25,143,25,18
Arlington,6233,12405,619,103,102,7433,11434,10729,8588,8547,10586,13577,5542,14845,4206,14289,4606,12025,4654,1747
Ashburnham,1202,831,87,31,21,1192,960,1793,381,1506,652,1125,1026,1092,1033,1068,1039,930,1043,100
Ashby,754,442,68,19,10,733,550,1039,253,862,418,654,527,601,653,611,645,523,632,83
Ashfield,200,587,47,2,6,318,520,367,479,321,526,568,246,679,156,686,146,579,159,69
Ashland,2954,2518,152,30,21,3322,2256,4482,1162,3667,1947,3298,2272,3146,2419,3250,2228,2717,2475,174
Athol,1882,1164,161,70,29,2064,1203,2647,681,2454,849,1770,1511,1657,1559,1608,1599,1426,1583,151
Attleboro,6630,4940,289,153,123,6816,4963,9853,2155,8800,3157,7164,4746,6382,5370,6370,5330,5603,5393,507
Auburn,3738,2248,174,56,55,3725,2429,5486,779,4511,1725,3086,3120,3121,2645,3183,2856,2476,2980,198
Avon,909,712,39,1,19,880,713,1403,261,1243,414,932,715,987,687,938,687,831,724,38
Ayer,1333,970,106,32,23,1125,1311,1990,472,1643,805,1406,1035,1325,1073,1305,1065,1130,1096,116
Barnstable,10641,7201,476,125,145,10800,7134,13613,4834,10298,7962,9293,8943,9127,9111,9201,8978,7898,9434,589
Barre,1153,657,76,17,16,1142,745,1538,400,1349,566,964,943,887,972,915,936,805,940,71
Becket,191,353,17,15,9,261,293,284,298,291,291,380,199,392,182,386,188,334,184,44
Bedford,2764,2633,150,35,35,2866,2648,3902,1674,2658,2863,3222,2271,3369,2116,3279,2139,2782,2288,226
Belchertown,2440,2207,419,87,43,2602,2515,3653,1567,3176,2021,3109,2061,2953,2094,2888,2122,2625,2025,262
Bellingham,3268,2038,190,42,53,3180,2326,4963,609,4225,1317,3121,2413,2706,2695,2800,2543,2357,2695,201
Belmont,4296,5598,224,37,49,4210,5704,5618,4529,4400,5688,6490,3516,7055,2860,6858,3005,5785,3259,497
Berkley,1260,719,66,32,21,1152,911,1705,393,1350,739,1102,969,990,1051,984,1033,839,1074,78
Berlin,758,548,51,20,15,806,578,1030,356,813,573,695,628,725,631,746,595,599,656,74
Bernardston,312,388,76,13,3,372,389,534,254,485,298,447,322,518,256,506,270,468,243,46
Beverly,7519,6375,430,132,88,7888,6446,10887,3638,8687,5746,8010,6369,8673,5378,8565,5440,7293,5840,525
Billerica,8245,5117,462,132,130,8397,5523,12673,1455,9869,4178,7333,6650,7185,6510,6892,6078,6019,6848,548
Blackstone,1637,1011,108,35,36,1501,1250,2496,307,2105,684,1445,1351,1419,1377,1450,1320,1276,1358,107
Blandford,293,152,51,10,4,299,205,391,118,309,202,234,219,224,272,223,264,191,262,36
Bolton,1278,877,82,22,15,1277,957,1584,697,1104,1153,1187,1064,1168,1059,1131,1068,936,1115,91
Boston,47584,104759,4415,679,854,60205,79914,89114,59607,82159,66396,115038,39797,118866,28089,121746,27378,106643,30589,6447
Bourne,4436,2636,192,73,68,4259,2999,5806,1543,4424,2898,3607,3686,3415,3809,3451,3744,2916,3906,239
Boxborough,1044,941,59,16,9,1080,964,1372,703,946,1117,1164,887,1239,798,1224,792,1031,854,89
Boxford,2542,1031,70,12,18,2177,1450,2917,745,1934,1719,1516,2106,1488,2086,1496,2060,1207,2186,97
Boylston,1276,710,47,11,6,1323,708,1680,377,1284,766,976,1060,969,1034,968,1016,828,1060,61
Braintree,8201,5454,365,98,113,8275,5586,11752,2266,9310,4639,7676,6158,7662,5896,7936,5645,6759,6195,370
Brewster,2475,2200,140,45,31,2596,2188,3335,1529,2283,2519,2636,2138,2691,2116,2735,2049,2378,2143,172
Bridgewater,5049,2826,229,59,69,4779,3275,6661,1525,5823,2333,4351,3763,4001,3897,4054,3836,3372,4102,242
Brimfield,891,419,85,20,15,824,599,1159,272,815,615,636,699,570,801,564,801,509,778,67
Brockton,7415,12765,590,186,166,10297,9000,15579,4209,14444,5347,13761,6218,14901,5351,14772,5502,13788,5701,561
Brookfield,719,421,61,17,12,790,419,975,265,826,402,621,605,561,625,552,624,475,623,64
Brookline,5541,12412,475,52,72,5903,11935,8172,10046,7265,10862,13498,4562,14759,3423,14668,3402,13734,3284,749
Buckland,242,438,36,14,4,270,435,383,347,352,376,489,239,550,174,526,196,450,192,58
Burlington,5205,3658,232,64,76,5435,3549,7816,1403,5733,3421,4764,4323,4978,3976,4588,4329,4239,4214,305
Cambridge,5564,25320,399,54,68,8234,22230,11662,19360,11912,18944,25367,5531,28302,3194,27773,3414,24544,3626,2194
Canton,5019,3335,234,49,50,4782,3616,7096,1557,5559,3038,4509,4028,4664,3673,4748,3576,4049,3890,208
Carlisle,1231,1194,62,12,12,1139,1340,1403,1104,970,1520,1271,1049,1493,951,1468,963,1259,1004,112
Carver,2463,1349,144,47,40,2404,1517,3374,658,2702,1317,2125,1887,1879,2057,1865,2060,1639,2119,131
Charlemont,156,224,42,13,3,174,253,259,175,261,168,286,142,282,137,283,139,246,135,35
Charlton,3030,1263,142,41,37,2836,1600,3751,753,3119,1357,2009,2391,1808,2573,765,2595,1512,2614,172
Chatham,2059,1424,60,18,14,1875,1543,2458,1076,1559,1941,1706,1767,1750,1760,1744,1773,1506,1848,110
Chelmsford,8186,5130,485,85,119,8026,5815,11694,2302,8579,5323,7204,6626,7118,6407,7092,6279,6100,6401,568
Chelsea,1462,3234,107,35,47,2062,2089,3129,1508,2821,1889,3570,1263,3659,887,3545,972,3288,1011,171
Cheshire,378,576,17,15,18,449,539,536,458,591,403,573,355,650,334,643,344,571,341,48
Chester,272,130,44,13,7,283,179,368,95,278,181,234,203,204,239,202,248,179,242,24
Chesterfield,229,253,48,6,6,266,273,303,239,264,276,313,200,322,204,326,198,272,197,46
Chicopee,7601,5951,1570,402,243,8171,6913,13208,2581,10285,5498,9589,6088,9435,5824,9263,6005,8565,5718,746
Chilmark,136,344,16,2,5,211,273,222,279,118,379,288,159,403,98,402,96,336,105,40
Clarksburg,174,377,6,5,2,255,291,293,265,347,207,313,179,381,168,372,174,348,174,15
Clinton,2192,1900,131,49,47,2555,1677,3434,834,2974,1293,2489,1762,2444,1770,2503,1702,2159,1825,176
Cohasset,2304,1177,78,12,20,1930,1546,2448,1108,1686,1838,1709,1785,1658,1791,1717,1709,1381,1897,79
Colrain,227,303,40,11,8,269,314,358,335,324,268,370,191,399,178,392,187,345,175,49
Concord,3437,4487,192,24,27,3210,4696,3971,4128,2904,5118,4916,2978,5476,2521,5479,2523,4532,2806,321
Conway,281,607,43,10,3,375,564,438,506,427,520,612,288,715,211,720,217,588,233,80
Cummington,120,248,36,11,4,173,235,182,235,172,245,289,103,306,105,301,110,244,112,47
Dalton,689,1213,65,49,13,963,1023,949,1074,1143,871,1346,670,1395,605,1361,624,1236,623,95
Danvers,5972,3662,277,85,62,5874,3974,8552,1490,6384,3588,4898,5010,5340,4390,5132,4544,4448,4768,280
Dartmouth,4506,4294,207,164,80,4403,4514,7217,2005,5580,3588,5375,3789,5804,3271,5314,3601,4853,3587,287
Dedham,5100,4297,270,66,53,5172,4286,7548,2129,6010,3593,5574,4012,5702,3621,5817,3499,4868,4006,280
Deerfield,779,1265,142,23,22,969,1209,1325,906,1116,1098,1430,781,1596,587,1566,613,1373,625,127
Dennis,3741,2961,176,46,77,3736,2996,5239,1692,4004,2855,3576,3241,3663,3162,3750,3102,3270,3292,179
Dighton,1365,829,64,38,21,1292,1000,1903,425,1507,809,1242,1059,1115,1113,1082,1132,956,1135,91
Douglas,2104,814,86,15,29,1814,1166,2593,421,2157,848,1435,1573,1138,1802,1196,1746,980,1765,115
Dover,1836,796,46,10,11,1444,1160,1716,954,1159,1498,1182,1460,1174,1437,1149,1434,889,1615,53
Dracut,6606,3404,310,75,80,6139,4146,9518,908,7859,2525,5064,5268,5011,5130,5151,4971,4722,4907,343
Dudley,2179,1170,110,29,26,2075,1385,2956,545,2501,985,1732,1757,1648,1756,1636,1756,1442,1810,104
Dunstable,848,482,35,7,7,827,538,1131,251,856,522,649,714,636,705,633,705,520,727,67
Duxbury,4448,2236,151,21,39,4074,2679,5055,1811,3440,3371,3285,3504,3074,3634,3094,3569,2576,3810,168
East Bridgewater,3100,1601,156,35,34,3103,1754,3044,1742,3690,1210,2620,2248,2262,2464,2318,2400,1973,2507,163
East Brookfield,575,241,26,14,7,577,274,758,102,612,245,398,455,366,471,361,478,313,491,23
East Longmeadow,3777,1892,440,114,45,3475,2706,5325,963,3747,2545,3153,3058,2932,3036,2880,3067,2589,3081,164
Eastham,1288,1391,82,18,28,1339,1382,1798,999,1374,1400,1629,1115,1667,1088,1706,1060,1486,1123,97
Easthampton,2209,3237,554,107,71,2914,3146,3930,2271,3382,2784,4259,1883,4301,1694,4264,1765,3680,1770,448
Easton,4966,2873,208,70,38,4754,3257,6639,1516,5436,2695,4241,3847,3968,3906,4061,3778,3523,3974,197
Edgartown,731,894,41,14,16,844,783,1092,576,750,904,866,762,1063,607,1031,618,920,628,55
Egremont,152,429,10,14,7,229,373,246,359,223,385,388,187,468,137,458,145,417,135,39
Erving,207,245,48,9,3,276,224,376,139,363,146,312,194,334,170,337,165,303,167,29
Essex,932,633,44,8,11,844,745,1133,473,842,764,775,750,853,741,880,706,722,767,55
Everett,3500,5278,202,55,102,4325,4231,7435,1521,6866,2235,5571,3269,6746,1970,6228,2356,5735,2360,308
Fairhaven,2333,2545,100,128,41,2435,2536,3956,1156,3289,1751,2968,2062,3267,1779,3109,1886,2797,1956,196
Fall River,6011,9575,302,382,238,7366,7095,12211,3729,10870,5113,10865,5157,11330,4654,10897,4751,10074,4637,629
Falmouth,7130,6571,396,87,87,7432,6539,9855,4241,7343,6673,7982,5994,8046,5968,8011,5894,7066,6135,478
Fitchburg,4596,3715,378,170,89,4618,3683,7416,1353,6368,2351,4763,3940,4976,3566,5031,3579,4486,3597,378
Florida,84,142,5,7,3,117,113,121,113,134,98,138,68,137,93,144,85,133,86,8
Foxborough,4213,2438,205,54,56,3952,2846,5763,1201,4437,2502,3610,3276,3469,3228,3485,3189,2865,3460,210
Framingham,8147,9805,631,113,100,9549,8652,14014,4582,11676,6766,11557,6845,12383,5991,12349,5852,10933,6419,575
Franklin,7325,4254,357,96,118,6784,5052,10305,1843,8197,3898,6350,5575,5886,5804,6032,5562,5058,5963,372
Freetown,1639,1084,78,43,33,1536,1260,2415,465,1880,970,1477,1355,1442,1387,1394,1416,1222,1441,102
Gardner,2888,2368,199,123,51,2926,2553,4805,803,4164,1424,3046,2509,3158,2288,3099,2326,2785,2324,251
Georgetown,2095,1152,85,24,33,1969,1351,2730,646,2107,1237,1661,1680,1568,1740,1592,1693,1319,1767,119
Gill,215,358,52,13,7,282,337,419,222,374,264,401,241,471,152,455,166,390,167,43
Gloucester,5136,5308,338,91,88,5392,5314,8076,2824,6532,4274,6174,4563,6735,3841,6874,3767,5966,3946,479
Goshen,177,216,42,0,3,190,251,263,184,241,202,260,256,285,144,290,142,263,134,26
Gosnold,24,20,1,0,0,17,27,27,18,15,30,25,12,27,19,24,20,17,24,1
Grafton,3918,2315,188,36,44,3810,2514,5320,1077,4274,2094,3294,3053,3083,3183,3197,3046,2609,3280,214
Granby,1380,826,222,53,20,1316,1120,1934,581,1556,954,1352,1122,1282,1146,1280,1138,1116,1108,137
Granville,424,177,50,17,14,413,263,517,164,371,304,289,340,258,411,258,413,227,410,25
Great Barrington,623,1961,63,42,41,1099,1481,1232,1488,1147,1531,1886,776,2166,488,2109,528,1877,519,181
Greenfield,1607,3197,341,127,49,2226,2753,3098,2174,3007,2258,3663,1578,3948,1225,3919,1303,3357,1292,404
Groton,2429,1746,137,29,30,2430,1817,3064,1289,2493,1852,2348,1927,2356,1915,2410,1813,1871,2057,175
Groveland,1754,943,99,30,24,1689,1122,2439,401,1782,1047,1377,1440,1265,1496,1275,1482,1113,1499,95
Hadley,870,1202,134,17,16,840,1308,1260,922,1050,1115,1405,744,1501,613,1446,657,1291,624,132
Halifax,1761,923,112,21,44,1720,1103,2457,412,1928,919,1455,1380,1327,1455,1320,1432,1136,1457,111
Hamilton,2006,1125,81,29,21,1746,1457,2450,798,1619,1614,1617,1577,1551,1609,1565,1589,1282,1684,103
Hampden,1313,601,182,54,24,1282,897,1762,422,1287,907,1002,1023,959,1130,960,1129,858,1098,85
Hancock,94,132,6,2,4,117,112,106,126,108,123,131,87,141,92,140,95,122,91,17
Hanover,4149,1805,146,33,29,3848,2194,5128,1019,3857,2248,2950,3087,2658,3306,2738,3173,2236,3404,155
Hanson,2554,1330,135,34,37,2726,1222,3411,696,2863,1264,2171,1905,1903,2047,1900,2032,1635,2100,129
Hardwick,523,406,52,12,14,565,397,771,237,679,328,543,453,525,442,528,443,463,452,44
Harvard,1221,1317,73,56,11,1251,1286,1520,1135,1125,1523,1491,1117,1601,981,1581,982,1353,1010,118
Harwich,3147,2633,161,34,50,3304,2552,4242,1738,3189,2718,3154,2732,3211,2721,3217,2681,2785,2877,180
Hatfield,595,733,92,29,10,649,786,943,527,771,694,899,553,994,436,980,450,882,431,88
Haverhill,9960,7624,588,167,146,10367,7601,15726,2646,12884,5405,10028,8168,10096,7779,10085,7736,8810,8080,612
Hawley,57,73,8,2,5,68,80,90,55,74,71,90,47,90,49,95,46,82,48,12
Heath,114,165,18,11,2,121,183,161,144,124,180,193,101,198,107,196,111,175,99,21
Hingham,6294,3708,245,49,69,5397,4558,7080,3161,5008,5170,5234,4810,5224,4784,5296,4714,4318,5190,253
Hinsdale,237,369,32,20,8,322,336,295,369,398,262,359,239,431,222,424,234,390,218,39
Holbrook,2237,1800,138,40,38,2361,1814,3562,688,3055,1177,2486,1707,2478,1602,2480,1571,2199,1661,134
Holden,4892,2680,230,61,48,4918,2849,6618,1312,5081,2804,3891,3939,3548,4082,3676,3925,3089,4148,218
Holland,538,271,54,14,13,493,375,689,200,581,311,485,399,397,471,395,469,338,468,52
Holliston,3300,2515,171,31,26,3399,2564,4610,1441,3114,2891,3365,2579,3200,2744,3393,2458,2298,2735,773
Holyoke,3637,5502,731,181,165,4801,4745,6887,3065,6103,3917,7001,3268,7057,2680,7108,2766,6323,2765,515
Hopedale,1406,863,79,19,13,1358,946,1993,344,1595,737,1243,1081,1185,1109,1200,1088,1027,1139,73
Hopkinton,3754,2243,150,39,56,3674,2476,4916,1298,3291,2898,3224,2889,2477,3680,3073,2929,2499,3174,189
Hubbardston,1157,613,66,29,17,1137,697,1558,311,1273,582,910,945,822,993,824,982,719,981,79
Hudson,3856,2874,240,58,49,4047,2898,5741,1272,4825,2167,3803,3090,3880,2990,3911,2923,3336,3145,244
Hull,2123,1941,150,36,31,2459,1724,2951,1310,2637,1567,2364,1814,2581,1565,2646,1499,1506,1046,109
Huntington,321,196,52,18,14,321,280,445,159,378,223,336,263,287,302,283,303,252,281,47
Ipswich,3359,2445,201,40,34,3059,2849,4559,1499,3261,2741,3194,2780,3268,2617,3306,2569,2709,2758,249
Kingston,3097,1642,149,32,48,2987,1889,3998,976,3017,1922,2513,2417,2298,2507,2336,2451,2007,2564,144
Lakeville,2718,1232,137,34,19,2524,1511,3498,639,2448,1682,1963,2147,1773,2271,1717,2290,1487,2320,152
Lancaster,1655,1036,88,38,16,1673,1112,2230,586,1628,1171,1453,1334,1299,1471,1308,1453,1087,1493,116
Lanesborough,312,558,26,29,9,433,460,389,540,509,404,628,286,592,315,593,309,546,300,37
Lawrence,3680,9387,241,113,145,6208,5055,8383,3443,8313,3745,10078,3408,10359,2471,9879,2795,9444,2714,364
Lee,538,1123,38,57,19,788,942,973,801,926,831,1161,581,1260,449,1236,481,1102,476,94
Leicester,2452,1348,135,54,55,2466,1414,3220,777,2758,1210,1887,2063,1985,1931,2003,1919,1803,1902,151
Lenox,593,1344,41,30,15,795,1119,873,1116,761,1204,1312,620,1495,459,1466,498,1343,492,86
Leominster,7028,4719,487,173,87,6934,5408,10652,1709,8526,3737,6322,5785,6447,5559,6588,5457,5839,5601,419
Leverett,160,691,42,18,3,291,617,281,640,260,649,648,187,787,125,763,149,683,135,73
Lexington,5050,7744,271,44,45,4946,7725,5035,7840,5035,7840,8515,4233,9518,3335,9069,3601,7978,3709,573
Leyden,112,212,34,7,5,154,199,204,166,185,182,222,120,263,94,257,96,219,95,31
Lincoln,1045,1608,74,11,7,999,1665,1119,1599,858,1831,1794,892,1983,720,1938,745,1674,804,117
Littleton,2189,1672,145,27,22,2202,1808,2936,1115,2344,1690,2228,1778,2270,1656,2207,1671,1885,1702,184
Longmeadow,4063,2659,390,67,52,3611,3454,5592,1656,3307,3968,3596,3538,3838,3122,3860,3099,3380,3277,198
Lowell,8915,10364,661,208,210,10002,9068,15782,3800,13718,5750,13042,7480,13293,6132,13170,6290,12012,6183,854
Ludlow,3502,2197,511,241,60,3595,2806,5534,1000,4364,2175,3447,3022,3428,2819,3336,2893,3116,2789,231
Lunenburg,2575,1438,129,45,21,2498,1651,3481,732,2837,1446,2054,2110,1959,2135,1976,2104,1680,2148,157
Lynn,8019,11633,472,154,186,9715,9337,15210,4466,13935,5747,13730,6774,14445,5161,14165,5570,12943,5765,623
Lynnfield,3761,1445,107,20,18,3228,2012,4454,846,3206,2075,2244,3006,2329,2821,2208,2943,1887,3019,111
Malden,5220,8081,404,103,129,6662,6370,10327,3298,8535,5127,8827,4668,10463,3130,9671,3695,8733,3702,644
Manchester,1493,1039,79,13,7,1310,1233,1878,754,1229,1393,1291,1290,1396,1155,1438,1114,1128,1253,80
Mansfield,4948,2839,244,53,57,4880,3163,6690,1461,5549,2588,4352,3739,4030,3840,4081,3714,3347,4019,258
Marblehead,5527,3949,171,39,31,4843,4610,6889,2746,4819,4754,5024,4496,5587,3797,5621,3735,4879,4025,245
Marion,1293,925,65,19,12,1232,1011,1676,598,1155,1102,1128,1116,1184,1077,1214,1044,992,1112,72
Marlborough,6037,4937,358,118,87,6432,4150,8870,1835,7180,3465,6099,4518,6509,4752,6575,4597,5075,4761,376
Marshfield,6844,3775,318,58,60,6843,3971,9024,1984,6702,4259,5538,5329,5270,5433,5421,5237,4546,5653,286
Mashpee,3478,2301,142,22,40,3418,2339,4665,1295,3500,2415,3053,2848,2971,2891,2998,2839,2678,2931,149
Mattapoisett,1620,1174,83,33,31,1483,1305,2272,636,1591,1299,1396,1472,1589,1269,1513,1343,1316,1380,90
Maynard,1858,2186,157,37,40,2112,2049,2935,1322,2568,1643,2641,1550,2714,1455,2723,1441,2330,1533,226
Medfield,3479,1786,140,33,23,2986,2279,4017,1424,2993,2415,2684,2696,2553,2736,2631,2627,2049,2968,131
Medford,6979,11419,583,112,148,8603,9849,13551,5364,10075,8792,12251,6449,13932,4805,13112,5418,11538,5433,1053
Medway,3144,1844,150,31,26,3016,2080,4312,872,3391,1753,2805,2306,2491,2561,2610,2408,2225,2583,135
Melrose,5501,5702,382,52,42,5899,5515,8396,3196,6409,5146,7053,4411,7602,3756,7092,4089,6101,4259,484
Mendon,1589,739,71,23,20,1487,876,2087,379,1684,771,1188,1250,1044,1321,1046,1282,863,1345,72
Merrimac,1464,1024,88,19,17,1491,1094,2162,457,1713,894,1378,1214,1359,1168,1351,1147,1164,1207,99
Methuen,8263,5386,306,118,105,8115,5659,12341,1732,10062,3982,7279,6661,7415,6373,7364,6376,6510,6610,422
Middleborough,4894,2589,323,86,72,4699,3198,6606,1341,5265,2617,4211,3701,3691,4037,3693,4021,3125,4158,291
Middlefield,77,101,31,5,3,104,112,127,90,121,91,139,68,147,64,140,69,124,70,16
Middleton,2237,1016,98,16,17,1989,1344,2839,541,2167,1198,1503,1839,1469,1806,1437,1830,1265,1869,72
Milford,5075,3601,271,64,67,5003,3713,7618,1271,5974,2879,4931,3816,4780,3901,4880,3725,4220,3924,271
Millbury,2224,1221,112,29,26,2122,1393,3053,498,2545,993,1650,1866,1729,1765,1762,1699,1550,1738,114
Millis,2045,1296,106,21,21,1903,1461,2776,720,2346,1141,1881,1586,1757,1645,1843,1531,1482,1752,101
Millville,646,312,31,16,19,548,465,912,117,769,257,460,457,422,567,428,554,364,553,48
Milton,5745,5636,243,40,47,5979,5305,7936,3584,6312,5146,6808,4581,7187,3919,7496,3653,6347,4255,280
Monroe,20,11,2,3,0,18,16,24,11,30,4,18,12,16,16,19,15,18,13,4
Monson,1679,938,246,50,34,1652,1262,2336,608,1708,1225,1531,1385,1422,1412,1392,1431,1262,1360,136
Montague,916,1765,216,64,35,1351,1611,1882,1112,1756,1220,1930,903,2265,677,2198,751,1886,708,281
Monterey,81,268,3,3,1,151,199,122,235,121,235,245,82,282,69,276,74,245,69,32
Montgomery,234,106,36,6,3,253,135,317,73,240,149,168,198,151,216,172,199,139,209,16
Mount Washington,29,42,2,0,2,33,37,29,42,24,47,35,23,52,21,49,23,44,20,8
Nahant,978,836,42,7,11,906,914,1370,476,1012,828,1004,827,1151,636,1189,625,995,691,63
Nantucket,1717,1817,92,24,29,1783,1740,2337,1308,1862,1742,1912,1688,2233,1386,2099,1466,1905,1451,155
Natick,6455,6516,411,73,86,6695,6597,9769,3716,7764,5640,8172,5165,8442,4820,8422,4660,6938,5458,440
Needham,6623,6246,313,39,50,6096,6723,8211,4955,6523,6564,7755,5263,8276,4529,8374,4374,7003,5270,259
New Ashford,25,79,1,1,2,54,51,43,64,58,47,63,31,77,24,80,24,73,24,0
New Bedford,5546,10878,374,501,169,7638,8742,12580,4416,11569,5375,12142,4930,13011,4070,12382,4491,11526,4420,669
New Braintree,253,159,16,2,7,281,155,343,93,285,148,193,215,210,208,214,199,192,190,23
New Marlborough,194,333,7,11,4,238,297,267,276,222,320,322,172,36,179,352,191,327,180,24
New Salem,190,230,30,8,3,246,204,257,200,220,233,274,151,287,161,273,176,237,161,43
Newbury,1876,1342,80,20,16,1902,1341,2576,755,1818,1488,1621,1656,1753,1493,1774,1457,1442,1632,130
Newburyport,4006,3855,207,44,37,4360,3573,5914,2186,4203,3853,4520,3464,5015,2888,5225,2692,4217,3109,312
Newton,12018,18950,1376,90,115,12464,18700,17435,14528,14235,17506,21257,10065,23849,7690,23510,7788,21579,8035,1071
Norfolk,2790,1244,136,25,28,2582,1575,3358,864,2658,1555,2033,2141,1776,2318,1868,2186,1453,2382,127
North Adams,791,2388,60,52,23,1427,1722,1608,1654,2017,1205,2270,946,2510,685,2454,735,2238,697,157
North Andover,6643,3545,216,71,58,6310,4030,8721,1751,6277,4161,5022,5348,5034,5216,4975,5212,4283,5413,277
North Attleborough,5808,2999,239,77,85,5293,3652,7820,1410,6787,2429,4867,4296,4233,4713,4177,4695,3588,4815,343
North Brookfield,1103,546,73,15,22,1106,623,1445,320,1285,466,852,874,777,916,780,925,707,921,62
North Reading,4011,1985,153,36,21,3664,2440,5244,984,4047,2152,2897,3267,2981,3048,2780,3193,2338,3276,187
Northampton,2228,8525,606,92,66,3508,7467,4332,7173,4155,7306,9202,2202,9766,1503,9694,1628,8331,1623,1012
Northborough,3650,2290,183,49,31,3709,2354,4938,1243,3802,2345,3206,2919,3157,2881,3215,2786,2630,3087,187
Northbridge,3472,1585,161,58,53,3151,1982,4505,842,3630,1699,2548,2724,2118,2998,2211,2887,1857,2964,173
Northfield,454,606,79,17,11,576,550,703,452,625,521,698,443,752,385,733,403,645,395,66
Norton,3549,2167,165,67,43,3733,2180,4957,1050,4461,1541,3313,2684,2947,2867,2985,2783,2481,3028,184
Norwell,3153,1445,130,20,31,2850,1794,3756,996,2664,2044,2219,2460,2054,2547,2158,2425,1719,2653,120
Norwood,5665,4393,310,71,68,5927,4290,8503,1896,6871,3489,5720,4567,5923,4210,6107,3977,5131,4512,287
Oak Bluffs,677,1037,57,10,17,827,887,1136,626,900,839,969,749,1205,556,1188,557,1054,581,75
Oakham,540,248,38,5,5,548,284,658,176,557,272,376,400,332,474,333,475,305,455,37
Orange,1212,905,116,43,35,1334,916,1721,584,1599,682,1250,1017,1242,1008,1192,1063,1101,996,132
Orleans,1686,1660,74,14,23,1692,1642,2134,1279,1335,2054,1846,1520,1919,1483,1921,1452,1707,1495,111
Otis,256,281,20,12,9,264,289,362,214,321,244,344,218,325,242,307,253,283,240,28
Oxford,2774,1424,174,42,44,2744,1618,3832,622,3329,1112,2223,2194,2051,2260,2030,2262,1761,2354,143
Palmer,2230,1340,339,101,83,2225,1804,3296,785,2445,1639,2310,1738,2079,1799,2053,1837,1871,1716,218
Paxton,1180,613,56,19,12,1216,596,1555,317,1234,631,831,1026,846,978,884,939,755,991,50
Peabody,10524,7882,577,158,145,10747,7952,16285,2789,13160,5821,10072,8684,11278,7343,11081,7527,9917,7813,494
Pelham,132,508,18,7,4,194,456,218,450,259,400,521,137,576,85,566,92,514,83,42
Pembroke,4431,2421,210,59,74,4708,2375,6149,1048,4816,2357,3729,3417,3483,3510,3552,3408,3021,3610,203
Pepperell,2780,1557,136,50,26,2595,1875,3792,855,3046,1463,2336,2151,2092,2329,2103,2297,1730,2361,191
Peru,104,141,7,0,1,139,142,137,146,178,108,200,74,182,95,172,101,157,99,17
Petersham,299,284,27,22,4,335,293,413,223,327,304,316,267,337,284,352,265,295,276,42
Phillipston,410,236,18,12,7,436,246,555,127,448,230,321,310,325,338,329,336,275,351,28
Pittsfield,3093,7437,374,204,102,4950,5871,5524,5609,6295,4747,7733,3273,8289,2576,8142,2720,7480,2601,571
Plainfield,85,213,11,7,3,125,194,130,190,106,215,214,74,247,65,239,69,211,58,33
Plainville,2056,1063,119,40,35,1896,1311,2836,488,2674,668,1736,1580,1518,1677,1536,1635,1275,1734,132
Plymouth,12227,8030,693,139,187,12329,8579,17119,4166,13608,7589,11226,9865,10467,10176,10608,9910,9206,10436,574
Plympton,755,440,60,8,12,751,519,991,288,748,520,653,559,595,646,603,637,530,631,56
Princeton,1062,604,74,11,9,1012,698,1268,478,1003,738,841,891,819,889,811,897,690,897,72
Provincetown,219,1357,46,9,8,563,1022,844,767,904,692,1039,446,1484,140,1475,149,1356,161,89
Quincy,13397,12249,945,164,204,13687,11282,19469,6227,16393,9252,16852,9939,16659,9105,17047,8836,15023,9563,913
Randolph,3090,5834,261,72,57,4549,4307,6660,1793,6337,2565,5910,3001,6824,2100,6768,2156,6365,2194,243
Raynham,2979,1595,152,50,42,2791,1935,4027,783,3508,1297,2485,2288,2280,2351,2264,2353,1924,2472,130
Reading,6057,4275,262,46,45,5946,4585,8542,2123,6006,4614,5556,5024,5859,4475,5453,4749,4675,4861,345
Rehoboth,2322,1282,77,64,50,1899,1814,2927,833,2398,1350,1764,1968,1664,2068,1609,2072,1439,2039,143
Revere,5312,5546,343,70,104,5103,4773,9118,2012,6344,4856,7104,4147,7730,3095,7087,3492,6287,3554,395
Richmond,181,442,13,10,4,245,377,269,371,257,373,406,220,493,149,469,165,426,179,20
Rochester,1338,738,75,34,24,1377,745,1785,423,1326,871,1065,1129,999,1151,959,1179,839,1179,71
Rockland,3341,2325,243,64,65,3644,2262,5162,881,4364,1648,3375,2588,3306,2578,3356,2513,2861,2724,202
Rockport,1643,1845,127,21,24,1753,1826,2440,1191,1857,1749,1979,1351,2306,1240,2352,1203,2064,1300,135
Rowe,77,60,5,3,0,72,76,92,58,85,64,87,51,79,58,77,63,77,57,4
Rowley,1698,854,81,25,20,1609,1006,2231,446,1602,1060,1302,1343,1231,1389,1232,1377,1006,1473,75
Royalston,253,223,24,21,10,274,250,383,145,351,179,265,230,293,220,287,225,248,219,37
Russell,339,139,45,16,7,337,215,443,111,352,201,297,209,244,283,240,283,215,276,24
Rutland,2056,1015,107,32,28,2095,1104,2806,431,2326,886,1605,1598,1367,1771,1423,1701,1238,1732,89
Salem,5517,7040,432,123,106,6300,6386,9061,4035,8108,4909,8268,4730,9163,3579,9246,3547,7995,3875,604
Salisbury,1662,1193,96,29,22,1660,1280,2532,462,2067,629,1527,1434,1637,1289,1670,1258,1436,1346,92
Sandisfield,93,152,7,8,6,115,142,129,131,134,129,172,78,174,92,169,97,157,96,12
Sandwich,5475,3224,222,60,52,5676,3254,7034,1990,5151,3824,4545,4389,4068,4765,4228,4578,3649,4759,233
Saugus,5660,3824,280,82,68,5634,4118,8797,1139,6724,3186,5246,4566,5572,3980,5188,4274,4696,4352,261
Savoy,66,123,9,9,1,105,108,97,116,125,85,120,54,137,64,72,69,117,66,16
Scituate,4949,3076,348,22,75,4932,3074,6118,2247,4718,3584,4173,4080,4246,3926,4419,3759,3539,4232,239
Seekonk,2319,1698,73,71,44,1971,2129,3442,730,2682,1494,2305,1849,2138,1973,2076,2021,1851,2019,167
Sharon,3293,3427,267,34,28,3415,3418,4793,2229,4191,2779,4242,2680,4646,2189,4592,2166,4390,2061,213
Sheffield,356,715,29,17,20,487,614,573,550,522,600,651,346,811,309,770,337,705,308,73
Shelburne,211,505,38,13,3,313,443,381,391,344,428,504,263,591,174,589,181,511,174,66
Sherborn,1128,836,41,4,4,941,1019,1131,866,870,1107,1041,924,1072,891,1116,822,873,961,60
Shirley,1333,783,81,31,24,1307,931,1858,393,1552,690,1143,983,1114,1083,1084,1095,962,1080,114
Shrewsbury,8242,4701,305,81,65,7503,5516,10901,2408,8601,4627,6849,6294,6757,6076,6857,5962,5765,6429,342
Shutesbury,183,655,40,7,5,285,575,332,543,305,561,651,144,756,121,735,132,617,124,102
Somerset,2897,3003,100,76,68,3179,2630,4925,1135,4087,1962,3437,2590,3691,2295,3617,2306,3376,2308,186
Somerville,4915,16290,837,113,174,6827,14354,10062,11929,9484,12380,17763,4179,18931,2916,18484,3179,15708,3428,1995
South Hadley,3065,2872,478,105,74,3174,3260,4923,1679,3790,2602,3784,2740,3894,2461,3928,2450,3526,2402,300
Southampton,1487,936,185,38,20,1445,1199,2012,670,1556,1128,1477,1188,1381,1201,1393,1192,1205,1198,124
Southborough,2525,1558,97,26,13,2415,1732,3134,1056,2362,1814,2072,2070,2060,2074,2154,1935,1641,2280,101
Southbridge,1883,1633,147,84,48,1967,1602,3023,692,2737,981,2189,1620,2236,1390,2089,1500,1924,1463,142
Southwick,2264,888,279,76,25,2034,1441,2934,602,2193,1329,1748,1747,1387,2021,1349,2040,1175,1976,162
Spencer,2428,1268,171,47,33,2522,1360,3402,561,2860,1069,1837,2064,1849,1972,1808,1977,1592,2005,146
Springfield,10211,19236,2182,807,467,14700,15135,24340,8228,21056,11969,23780,9636,23637,7409,22959,8058,21529,7688,1237
Sterling,2345,1104,108,42,22,2273,1303,2975,632,2212,1382,1634,1933,1479,2027,1529,1943,1285,2020,117
Stockbridge,222,618,22,24,9,355,482,371,507,308,566,621,243,675,197,653,195,585,199,46
Stoneham,5002,3834,196,50,43,5095,3814,7754,1320,5835,3212,4820,4133,5387,3446,4790,3962,4366,3862,299
Stoughton,4750,4140,297,61,74,5096,3880,7574,1661,6634,2568,5258,3880,5496,3499,5456,3459,4998,3565,249
Stow,1656,1392,100,17,21,1665,1481,2112,1081,1687,1478,1752,1406,1819,1288,1800,1281,1497,1358,142
Sturbridge,2172,1251,124,39,25,2235,1340,2834,788,2262,1347,1751,1843,1656,1848,1652,1835,1429,1914,113
Sudbury,3947,3268,168,28,20,3660,3614,4894,2501,3661,3687,4071,3244,4364,2867,4308,2840,3572,3166,207
Sunderland,398,693,89,16,11,519,668,694,528,630,592,827,374,886,290,887,296,742,304,105
Sutton,2666,1040,122,42,26,2526,1306,3275,585,2586,1252,1705,2131,1513,2251,1536,2182,1256,2290,112
Swampscott,4026,2408,115,23,27,3247,3170,5007,1551,3838,2688,3542,2909,4033,2276,4050,2293,3601,2408,187
Swansea,2336,1987,67,68,39,2281,2094,3765,699,2959,1483,2419,2034,2434,1977,2409,1961,2303,1954,151
Taunton,7006,6659,473,193,166,7786,6387,11846,2616,9961,4469,8510,5812,8389,5336,8246,5378,7414,5427,519
Templeton,1560,913,129,52,26,1551,1084,2343,355,1404,595,1046,939,1282,1332,1298,1317,1125,1325,129
Tewksbury,6976,3868,300,70,67,6775,4369,10266,1028,7824,3427,5608,5575,5767,5211,5472,5413,4936,5443,334
Tisbury,516,1049,34,7,20,748,788,1023,590,674,928,1001,583,1180,422,1163,420,1025,436,100
Tolland,138,42,10,3,3,118,80,144,53,125,70,80,100,68,126,57,136,50,128,14
Topsfield,2018,1028,64,24,9,1811,1225,2386,725,1642,1459,1456,1615,1480,1574,1474,1580,1211,1701,89
Townsend,2108,998,109,38,22,2022,1209,2820,472,2221,1049,1638,1603,1410,1777,1395,1778,1136,1820,137
Truro,374,692,33,1,8,447,648,680,416,541,552,602,384,808,287,803,287,725,307,44
Tyngsborough,2797,1489,116,37,40,2618,1806,3945,527,3174,1261,2193,2222,2147,2225,2101,2232,1885,2224,143
Tyringham,54,119,4,5,0,65,118,84,105,71,118,106,59,132,44,122,54,116,49,8
Upton,1862,958,97,13,20,1827,1061,2389,538,1879,1020,1445,1460,1249,1585,1329,1493,1101,1549,108
Uxbridge,3148,1581,170,44,42,2894,1944,4230,693,3365,1530,2490,2396,2156,2624,2182,2563,1930,2573,160
Wakefield,6090,4189,266,64,54,6038,4424,8854,1794,6776,3837,5511,5039,5930,4380,5490,4635,4710,4771,354
Wales,376,212,53,13,7,370,293,529,142,406,258,401,264,294,342,304,337,270,321,41
Walpole,6757,3472,296,60,61,6071,4263,8801,1882,6809,3788,5308,5153,5045,5165,5791,4912,4116,5561,278
Waltham,7416,8375,532,105,98,8247,7706,11723,4526,9890,6265,9895,6142,10833,5145,10426,5381,9047,5728,704
Ware,1555,1064,258,62,45,1655,1304,2418,566,1997,980,1665,1316,1583,1303,1565,1312,1446,1211,162
Wareham,3803,2877,244,103,73,3689,3255,5531,1531,4919,2131,3816,3224,3737,3221,3667,3261,3234,3322,244
Warren,857,573,90,48,20,972,560,1270,294,1024,525,887,657,765,760,753,763,692,724,81
Warwick,131,194,18,5,6,161,186,213,138,217,135,183,135,249,96,247,99,220,95,26
Washington,73,152,13,5,1,114,122,107,133,128,113,143,78,173,65,173,67,157,60,21
Watertown,4145,6913,392,50,53,5146,6101,6931,4479,5724,5642,7926,3415,8481,2804,8289,2923,7154,3155,642
Wayland,2877,2798,138,26,21,2603,3103,3440,2364,2731,3020,3399,2326,3657,2043,3666,1980,3064,2212,192
Webster,2541,1539,184,0,0,2514,1743,3709,673,3171,1202,2197,2160,2197,2045,2116,2124,1859,2141,193
Wellesley,6088,4619,216,16,36,4772,5712,6418,4390,4639,6141,5957,4752,6187,4459,6324,4278,4464,5956,146
Wellfleet,567,1034,55,9,4,738,880,932,710,683,949,998,518,1173,468,1188,461,1055,471,97
Wendell,76,305,22,4,3,190,219,146,267,146,262,320,72,339,59,338,58,282,50,63
Wenham,1073,567,38,13,6,905,730,1218,457,815,838,782,854,792,858,815,834,650,915,45
West Boylston,1890,1104,91,23,21,1818,1238,2553,570,2084,1018,1491,1604,1462,1558,1507,1504,1283,1565,97
West Bridgewater,1824,849,95,32,27,1644,1092,2305,507,1992,807,1421,1349,1238,1491,1231,1482,1067,1513,93
West Brookfield,821,514,59,8,17,837,559,1155,266,920,495,695,712,700,673,693,676,617,702,36
West Newbury,1265,805,52,10,7,1235,865,1610,525,1137,988,1086,1023,1048,1036,1095,975,893,1029,85
West Springfield,4583,2762,680,197,83,4704,3454,6989,1370,4458,3931,4670,3626,4178,3699,4206,3672,3725,3597,331
West Stockbridge,142,476,11,11,14,281,348,237,407,268,379,382,166,513,128,506,124,462,119,42
West Tisbury,369,984,35,7,16,558,763,725,665,516,857,855,501,1112,286,1096,284,969,301,76
Westborough,3625,2532,155,37,30,3638,2542,4644,1676,3555,2736,3394,2879,3338,2906,3468,2726,2890,3032,189
Westfield,6986,4071,1053,290,137,7567,4646,10223,2357,8015,4498,6774,5595,6187,5821,5990,5994,5396,5761,531
Westford,5362,3343,289,62,58,5339,3651,7371,1757,5093,3967,4735,4295,4671,4198,4590,4154,3838,4391,314
Westhampton,353,377,59,11,9,392,422,512,309,413,403,504,276,496,294,483,309,413,305,56
Westminster,1890,969,123,41,30,1774,1252,2664,394,2092,935,1423,1600,1365,1599,1383,1579,1155,1599,150
Weston,2835,1712,100,15,16,2158,2412,2874,1765,1996,2633,2241,2352,2514,2064,2421,2106,2043,2303,111
Westport,2561,2551,102,117,59,2860,2368,3888,1462,3164,2127,2828,2451,3093,2188,2966,2237,2679,2246,190
Westwood,4265,2377,126,28,28,3682,2966,5149,1584,3637,3069,3347,3313,3314,3224,3481,3034,2864,3352,161
Weymouth,10939,8035,783,176,160,11499,8050,16815,3212,13505,6401,11554,8246,11172,8190,11458,7916,9914,8710,596
Whately,286,383,51,6,9,385,349,451,291,391,348,436,240,487,230,479,233,415,233,54
Whitman,3047,1777,185,46,47,3297,1742,4431,682,3746,1350,2831,2246,2608,2364,2656,2284,2246,2479,156
Wilbraham,3655,1829,406,102,49,3338,2416,4859,1173,3688,2343,2807,3163,2821,2956,2820,3006,2451,3058,185
Williamsburg,344,810,68,11,6,453,768,542,694,478,760,896,335,943,272,943,274,828,265,105
Williamstown,549,1885,37,8,13,836,1538,703,1776,823,1613,1800,615,1986,455,1988,452,1754,479,131
Wilmington,5307,3175,287,52,65,5340,3410,7972,937,6110,2755,4575,4225,4609,4000,4320,4183,3753,4246,301
Winchendon,1618,939,113,42,30,1462,1236,2347,386,2049,666,1420,1290,1295,1380,1259,1402,1126,1378,136
Winchester,5327,4055,201,30,43,4643,4774,6440,3168,4545,5032,5020,4482,5659,3762,3573,4812,4380,4210,359
Windsor,108,195,11,8,5,156,164,140,183,165,158,208,97,215,105,210,108,196,103,15
Winthrop,3324,2824,208,40,43,3404,2741,5118,1291,3470,2925,3640,2687,4159,2066,4002,2171,3468,2317,249
Woburn,7379,5768,383,101,104,7657,5567,11633,2018,9104,4466,7033,6467,7998,5311,7066,6115,6482,5824,538
Worcester,15914,20070,1299,347,343,19266,15531,27703,8776,24850,11570,23785,14064,24632,11784,24577,11949,22629,12084,1296
Worthington,228,310,34,4,1,254,324,300,286,263,307,357,198,344,183,382,186,321,160,57
Wrentham,3037,1325,139,34,39,2622,1828,3869,707,3044,1514,2320,2208,1929,2490,2008,2373,1603,2585,134
Yarmouth,5425,4164,237,53,212,5463,4215,7363,2611,5767,4123,5202,4635,5224,4674,5296,4573,4622,4827,260
